ImAdmin,–Ø –∞–¥–º—ç–Ω
catalog,–ö–∞—Ç–∞–ª–æ–≥
StartRef,–° –ø–æ–º–æ—â—å—é #UserHub —Ç—ã —Å–º–æ–∂–µ—à—å –±—ã—Å—Ç—Ä–æ –∏ —É–¥–æ–±–Ω–æ –Ω–∞—Ö–æ–¥–∏—Ç—å –ª—É—á—à–∏–µ —Ç–µ–ª–µ–≥—Ä–∞–º–º –∫–∞–Ω–∞–ª—ã –Ω–∞ –ª—é–±—É—é –∏–Ω—Ç–µ—Ä–µ—Å–Ω—É—é —Ç–µ–±–µ —Ç–µ–º—É. –Ø —á—Ç–æ-—Ç–æ –≤—Ä–æ–¥–µ –ø–æ–∏—Å–∫–æ–≤–∏–∫–∞ –≤ —Ç–µ–ª–µ–≥—Ä–∞–º–º, –≥–¥–µ –≤—Å–µ –∫–∞–Ω–∞–ª—ã —Ä–∞–∑–±–∏—Ç—ã –ø–æ –∫–∞—Ç–µ–≥–æ—Ä–∏—è–º –∏ —Ä–µ–π—Ç–∏–Ω–≥—É. –ñ–º–∏ '–∫–∞—Ç–∞–ª–æ–≥' –∏ —è –ø–æ–∫–∞–∂—É —Ç–µ–±–µ –∫–∞–∫ –∑–¥–µ—Å—å –≤—Å–µ —É—Å—Ç—Ä–æ–µ–Ω–æ. –ï—Å–ª–∏ –∂–µ —Ç—ã –≤–ª–∞–¥–µ–ª–µ—Ü —Ç–µ–ª–µ–≥—Ä–∞–º-–∫–∞–Ω–∞–ª–∞, —Ç–æ –∂–º–∏ '–Ø –∞–¥–º–∏–Ω' –∏ –¥–æ–±–∞–≤–ª—è–π —Å–≤–æ–π –∫–∞–Ω–∞–ª –≤ –∫–∞—Ç–∞–ª–æ–≥ #UserHub. –≠—Ç–æ –ø–æ–∑–≤–æ–ª–∏—Ç—å —Ç–µ–±–µ –ø–æ–ª—É—á–∞—Ç—å –ø–æ–¥–ø–∏—Å—á–∏–∫–æ–≤, –¥–µ–π—Å—Ç–≤–∏—Ç–µ–ª—å–Ω–æ –∑–∞–∏–Ω—Ç–µ—Ä–µ—Å–æ–≤–∞–Ω–Ω—ã—Ö –≤ —Ç–≤–æ–µ–º –∫–æ–Ω—Ç–µ–Ω—Ç–µ. 
addchannel,ü§© –ö—Ä—É—Ç–æ! –¢—ã –æ–¥–∏–Ω –∏–∑ —Ç–µ—Ö, –∫—Ç–æ '—Å–æ–∑–¥–∞–µ—Ç' —ç—Ç–æ—Ç –∏–Ω—Ç–µ—Ä–Ω–µ—Ç! \n\n–ü—Ä–µ–¥–ª–∞–≥–∞—é –¥–æ–±–∞–≤–∏—Ç—å —Ç–≤–æ–π –∫–∞–Ω–∞–ª –≤ –¢–û–ü 1 –∫–∞—Ç–∞–ª–æ–≥ –∫–∞–Ω–∞–ª–æ–≤ –≤ Telegram. \n–≠—Ç–æ –ø–æ–∑–≤–æ–ª–∏—Ç —Ç–µ–±–µ –Ω–∞ –ø–æ—Å—Ç–æ—è–Ω–Ω–æ–π –æ—Å–Ω–æ–≤–µ –ø–æ–ª—É—á–∞—Ç—å —Ü–µ–ª–µ–≤—ã—Ö –ø–æ–¥–ø–∏—Å—á–∏–∫–æ–≤ –∞–±—Å–æ–ª—é—Ç–Ω–æ –±–µ—Å–ø–ª–∞—Ç–Ω–æ.
addchannelbut,–î–æ–±–∞–≤–∏—Ç—å –∫–∞–Ω–∞–ª üîù
choosecategory,–í—ã–±–µ—Ä–∏ –æ–¥–Ω—É –∏–∑ –∫–∞—Ç–µ–≥–æ—Ä–∏–π –∫–æ—Ç–æ—Ä–∞—è –º–∞–∫—Å–∏–º–∞–ª—å–Ω–æ –ø–æ–¥—Ö–æ–¥–∏—Ç —Ç–≤–æ–µ–º—É –∫–∞–Ω–∞–ª—É. ‚úÖ 
SendUserNameListing,üëå –û—Ç–ª–∏—á–Ω–æ! \n –¢–µ–ø–µ—Ä—å –æ—Ç–ø—Ä–∞–≤—å –º–Ω–µ Username —Å–≤–æ–µ–≥–æ –∫–∞–Ω–∞–ª–∞, –≤ —Ç–∞–∫–æ–º –≤–∏–¥–µ: @channel \n üí° –ö–∞–Ω–∞–ª –æ–±—è–∑–∞—Ç–µ–ª—å–Ω–æ –¥–æ–ª–∂–µ–Ω –±—ã—Ç—å –æ—Ç–∫—Ä—ã—Ç—ã–º.
notexists,ü§Ø  –¢–∞–∫–æ–≥–æ –∫–∞–Ω–∞–ª–∞ –Ω–µ —Å—É—â–µ—Å—Ç–≤—É–µ—Ç. \n –ü—Ä–æ–≤–µ—Ä—å –ø–æ–∂–∞–ª—É–π—Å—Ç–∞ Username –∏ –æ—Ç–ø—Ä–∞–≤—å —Å–æ–æ–±—â–µ–Ω–∏–µ –µ—â–µ —Ä–∞–∑!
laststep,üéØ –ú—ã –ø–æ—á—Ç–∏ —É —Ü–µ–ª–∏. –û—Å—Ç–∞–ª—Å—è –ø–æ—Å–ª–µ–¥–Ω–∏–π —à–∞–≥!\n\nü§´ –£ –º–µ–Ω—è –∫ —Ç–µ–±–µ –¥–µ–ª–æ–≤–æ–µ –ø—Ä–µ–¥–ª–æ–∂–µ–Ω–∏–µ. –ü—Ä–µ–¥–ª–∞–≥–∞—é –æ–ø—É–±–ª–∏–∫–æ–≤–∞—Ç—å –≤ —Ç–≤–æ–µ–º –∫–∞–Ω–∞–ª–µ¬†—Ä–µ–ø–æ—Å—Ç –æ–¥–Ω–æ–≥–æ –∏–∑ –º–æ–∏—Ö –ø–æ—Å—Ç–æ–≤, –≥–¥–µ —è —Ä–µ–∫–æ–º–µ–Ω–¥—É—é –ª—é–¥—è–º –ø–æ–ª—å–∑–æ–≤–∞—Ç—å—Å—è –∫–∞—Ç–∞–ª–æ–≥–æ–º #UserHub, –∞ –≤–∑–∞–º–µ–Ω —è —Ä–∞–∑–º–µ—â—É —Ç–≤–æ–π –∫–∞–Ω–∞–ª –≤ –∫–∞—Ç–∞–ª–æ–≥–µ –∞–±—Å–æ–ª—é—Ç–Ω–æ –±–µ—Å–ø–ª–∞—Ç–Ω–æ –∏ –Ω–∞–≤—Å–µ–≥–¥–∞.¬†\n\n–ï—Å–ª–∏ –∂–µ —ç—Ç–æ—Ç –≤–∞—Ä–∏–∞–Ω—Ç –Ω–µ –ø–æ–¥—Ö–æ–¥–∏—Ç, —Ç–æ —Ç—ã –º–æ–∂–µ—à—å –ø—Ä–∏–æ–±—Ä–µ—Å—Ç–∏ –ø–æ–∂–∏–∑–Ω–µ–Ω–Ω—ã–π –ª–∏—Å—Ç–∏–Ω–≥ –≤ –∫–∞—Ç–∞–ª–æ–≥–µ –≤—Å–µ–≥–æ –∑–∞ 100$
sugaccepted,ü§ù –ü—Ä–µ–¥–ª–æ–∂–µ–Ω–∏–µ –ø—Ä–∏–Ω—è—Ç–æ
payforlist,üí≥ –ü–ª–∞—á—É –∑–∞ –ª–∏—Å—Ç–∏–Ω–≥
repost,üëç –ü—Ä–∞–≤–∏–ª—å–Ω—ã–π –≤—ã–±–æ—Ä!¬†\n–°–¥–µ–ª–∞–π —Ä–µ–ø–æ—Å—Ç –ª—é–±–æ–≥–æ –ø–æ—Å—Ç–∞ –∏–∑ –ø—Ä–µ–¥–ª–æ–∂–µ–Ω–Ω—ã—Ö –Ω–∏–∂–µ, –ø–æ–¥–∞—á–∞ –∫–æ—Ç–æ—Ä–æ–≥–æ –Ω–∞–∏–±–æ–ª–µ–µ –ø–æ–¥—Ö–æ–¥–∏—Ç –¥–ª—è —Ç–≤–æ–µ–π –∞—É–¥–∏—Ç–æ—Ä–∏–∏, –∏ —Ç–≤–æ–π –∫–∞–Ω–∞–ª –∞–≤—Ç–æ–º–∞—Ç–∏—á–µ—Å–∫–∏ –ø–æ—è–≤–∏—Ç—Å—è –≤ –∫–∞—Ç–∞–ª–æ–≥–µ #UserHub\n\n–∫—Ä–µ–∞—Ç–∏–≤ 1\n–∫—Ä–µ–∞—Ç–∏–≤ 2\n–∫—Ä–µ–∞—Ç–∏–≤ 3\n–∫—Ä–µ–∞—Ç–∏–≤ 4\n–∫—Ä–µ–∞—Ç–∏–≤ 5
ChannelAdded,üëãüòé –ü–æ–∑–¥—Ä–∞–≤–ª—è—é, –∫–∞–Ω–∞–ª @jhvuy —É—Å–ø–µ—à–Ω–æ –¥–æ–±–∞–≤–ª–µ–Ω –≤ –∫–∞—Ç–∞–ª–æ–≥!¬† \n–î–æ–±—Ä–æ –ø–æ–∂–∞–ª–æ–≤–∞—Ç—å –≤ –∫–æ–º—å—é–Ω–∏—Ç–∏ –±–ª–æ–≥–µ—Ä–æ–≤ Telegram\n\n–° –ø–æ–º–æ—â—å—é #UserHub —Ç—ã —Å–º–æ–∂–µ—à—å:\n\n- –º–Ω–æ–≥–æ–∫—Ä–∞—Ç–Ω–æ —É–≤–µ–ª–∏—á–∏—Ç—å –∫–æ–ª–∏—á–µ—Å—Ç–≤–æ —á–∏—Ç–∞—Ç–µ–ª–µ–π –∏ –æ—Ö–≤–∞—Ç—ã –≤ —Å–≤–æ–µ–º Telegram-–∫–∞–Ω–∞–ª–µ, –∏–ª–∏ –±—ã—Å—Ç—Ä–æ —Ä–∞—Å–∫—Ä—É—Ç–∏—Ç—å Telegram-–∫–∞–Ω–∞–ª —Å –Ω—É–ª—è;\n- —É–∑–Ω–∞—Ç—å –æ –Ω–æ–≤—ã—Ö —Å–ø–æ—Å–æ–±–∞—Ö –º–æ–Ω–µ—Ç–∏–∑–∞—Ü–∏–∏ –∏ –ø—Ä–∏–º–µ–Ω–∏—Ç—å –∏—Ö –≤ —Å–≤–æ–µ–º –∫–∞–Ω–∞–ª–µ;\n- –æ–±—â–∞—Ç—å—Å—è –≤ –∑–∞–∫—Ä—ã—Ç–æ–º —á–∞—Ç–µ —Å –¥—Ä—É–≥–∏–º–∏ –±–ª–æ–≥–µ—Ä–∞–º–∏, –æ–±–º–µ–Ω–∏–≤–∞—Ç—å—Å—è –æ–ø—ã—Ç–æ–º, —Å–æ–∑–¥–∞–≤–∞—Ç—å —Å–æ–≤–º–µ—Å—Ç–Ω—ã–µ –ø—Ä–æ–µ–∫—Ç—ã;\n- –ø–æ–ª—É—á–∞—Ç—å –µ–∂–µ–º–µ—Å—è—á–Ω—ã–π –≤—ã—Å–æ–∫–∏–π –¥–æ—Ö–æ–¥ –±–ª–∞–≥–æ–¥–∞—Ä—è —Å–∏—Å—Ç–µ–º–µ #10—Ä—É–∫–æ–ø–æ–∂–∞—Ç–∏–π #UserHub\n\n\nüëÄ –¢–∞–∫–∂–µ, –≤ –±–ª–∏–∂–∞–π—à–µ–º –±—É–¥—É—â–µ–º:\n- –±–µ–∑–æ–ø–∞—Å–Ω–æ –ø–æ–∫—É–ø–∞—Ç—å –∏ –ø—Ä–æ–¥–∞–≤–∞—Ç—å —Ä–µ–∫–ª–∞–º–Ω—ã–µ –∏–Ω—Ç–µ–≥—Ä–∞—Ü–∏–∏;\n- –ø–æ–ª—å–∑–æ–≤–∞—Ç—å—Å—è —É—Å–ª—É–≥–∞–º–∏ –≥–∞—Ä–∞–Ω—Ç–∞ –¥–ª—è –±–µ–∑–æ–ø–∞—Å–Ω–æ–π —Å–¥–µ–ª–∫–∏ –ø—Ä–∏ –ø–æ–∫—É–ø–∫–µ –∏–ª–∏ –ø—Ä–æ–¥–∞–∂–µ –∫–∞–Ω–∞–ª–∞;\n- –Ω–∞–π—Ç–∏ –∫–æ–ø–∏—Ä–∞–π—Ç–µ—Ä–∞, –¥–∏–∑–∞–π–Ω–µ—Ä–∞ –∏–ª–∏ –º–µ–Ω–µ–¥–∂–µ—Ä–∞ –ø–æ —Ä–µ–∫–ª–∞–º–µ –≤ —Å–≤–æ—é –∫–æ–º–∞–Ω–¥—É;\n- –ø–æ–ª—É—á–∞—Ç—å –ø–∞—Ä—Ç–Ω—ë—Ä—Å–∫–æ–µ –≤–æ–∑–Ω–∞–≥—Ä–∞–∂–¥–µ–Ω–∏–µ –æ—Ç –≤—Å–µ—Ö –∫–æ–º–∏—Å—Å–∏–π –Ω–∞ –Ω–æ–≤—ã–µ –ø—Ä–æ–¥—É–∫—Ç—ã —Å–µ—Ä–≤–∏—Å–∞ #UserHub.\n\nüïπ –ü–æ–ª—å–∑–æ–≤–∞—Ç—å—Å—è —Å–µ—Ä–≤–∏—Å–æ–º –º–æ–∂–Ω–æ –∞–±—Å–æ–ª—é—Ç–Ω–æ –±–µ—Å–ø–ª–∞—Ç–Ω–æ, –Ω–æ –¥–ª—è —ç—Ç–æ–≥–æ —Ç–µ–±–µ –Ω–µ–æ–±—Ö–æ–¥–∏–º–æ –ø—Ä–æ–π—Ç–∏ –Ω–µ–±–æ–ª—å—à–æ–π –∫–≤–µ—Å—Ç. –û–±–µ—â–∞—é, —É–∂–µ –Ω–∞ —Å–ª–µ–¥—É—é—â–µ–º —à–∞–≥–µ —è —Ä–∞—Å–∫—Ä–æ—é —Å–µ–∫—Ä–µ—Ç –∫–∞–∫ –ø–æ–ª—É—á–∏—Ç—å –ø–µ—Ä–≤—ã–π 1.000.000 –ø–æ–¥–ø–∏—Å—á–∏–∫–æ–≤ –Ω–∞ —Å–≤–æ–π Telegram-–∫–∞–Ω–∞–ª –Ω–µ –≤–ª–æ–∂–∏–≤ –Ω–∏ —Ä—É–±–ª—è. \n\nüßê –ö—Å—Ç–∞—Ç–∏, —á—Ç–æ —Ç–µ–±–µ –Ω—Ä–∞–≤–∏—Ç—Å—è –±–æ–ª—å—à–µ, —Å–º–æ—Ç—Ä–µ—Ç—å —Ñ–∏–ª—å–º—ã –∏–ª–∏ —á–∏—Ç–∞—Ç—å –∫–Ω–∏–≥–∏?
films,üíª –°–º–æ—Ç—Ä–µ—Ç—å —Ñ–∏–ª—å–º—ã
getvideo,üòâ¬†–û—Ç–ª–∏—á–Ω–æ, —Ç–æ–≥–¥–∞ –ª–æ–≤–∏ –∫–æ—Ä–æ—Ç–∫–æ–µ –≤–∏–¥–µ–æ –æ–±–æ –º–Ω–µ. \n\n–°–º–æ—Ç—Ä–∏ –≤–Ω–∏–º–∞—Ç–µ–ª—å–Ω–æ, –≤ –≤–∏–¥–µ–æ —Å–ø—Ä—è—Ç–∞–Ω–æ –∫–æ–¥–æ–≤–æ–µ —Å–ª–æ–≤–æ! \n–ù—É–∂–Ω–æ –±—É–¥–µ—Ç –æ—Ç–ø—Ä–∞–≤–∏—Ç—å –µ–≥–æ –º–Ω–µ —á—Ç–æ–±—ã –ø–µ—Ä–µ–π—Ç–∏ –∫ —Å–ª–µ–¥—É—é—â–µ–º—É —à–∞–≥—É.
getpdf,ü•≥ –ü—Ä–∞–≤–∏–ª—å–Ω–æ! –¢—ã –ø–æ—á—Ç–∏ —É —Ü–µ–ª–∏. \n\n–î–æ–ø–æ–ª–Ω–∏—Ç–µ–ª—å–Ω–æ –ª–æ–≤–∏ PDF –ø—Ä–µ–∑–µ–Ω—Ç–∞—Ü–∏—é! –ó–¥–µ—Å—å —Ç—ã –Ω–∞–π–¥–µ—à—å –æ—Ç–≤–µ—Ç—ã –Ω–∞ –≤—Å–µ –≤–æ–ø—Ä–æ—Å—ã. \n–ñ–º–∏ –Ω–∞ '–ø—Ä–æ–π—Ç–∏ —Ç–µ—Å—Ç' üëá
watchagain,üòé –°–æ–±–µ—Ä–∏—Å—å, –≤—Å–µ–≥–æ –Ω–µ—Å–∫–æ–ª—å–∫–æ —à–∞–≥–æ–≤ –æ—Ç–¥–µ–ª—è–µ—Ç —Ç–µ–±—è –æ—Ç –ø–µ—Ä–≤–æ–≥–æ 1.000.000 –ø–æ–¥–ø–∏—Å—á–∏–∫–æ–≤. \n\n–ï—â–µ —Ä–∞–∑ –ø–æ—Å–º–æ—Ç—Ä–∏ –≤–Ω–∏–º–∞—Ç–µ–ª—å–Ω–æ –≤–∏–¥–µ–æ!\n(–ø–æ–¥—Å–∫–∞–∑–∫–∞, —Å 00:00 —Å–µ–∫ –¥–æ 00:00 —Å–µ–∫)
mbbooks,üò≥ –í–æ–∑–º–æ–∂–Ω–æ, –∫–Ω–∏–≥–∏ —Ç—ã –ª—é–±–∏—à—å –±–æ–ª—å—à–µ! \n\n–¢–æ–≥–¥–∞ –ª–æ–≤–∏ PDF –ø—Ä–µ–∑–µ–Ω—Ç–∞—Ü–∏—é. \n–¢–æ–ª—å–∫–æ, —á–∏—Ç–∞–π –≤–Ω–∏–º–∞—Ç–µ–ª—å–Ω–æ, –Ω–µ–æ–±—Ö–æ–¥–∏–º–æ –±—É–¥–µ—Ç –æ—Ç–≤–µ—Ç–∏—Ç—å –Ω–∞ –ø–∞—Ä—É –≤–æ–ø—Ä–æ—Å–æ–≤.
books,üìñ –ß–∏—Ç–∞—Ç—å –∫–Ω–∏–≥–∏
getbook,üòâ¬†–û—Ç–ª–∏—á–Ω–æ, —Ç–æ–≥–¥–∞ –ª–æ–≤–∏ PDF –ø—Ä–µ–∑–µ–Ω—Ç–∞—Ü–∏—é! \n\n–¢–æ–ª—å–∫–æ, —á–∏—Ç–∞–π –≤–Ω–∏–º–∞—Ç–µ–ª—å–Ω–æ, –Ω–µ–æ–±—Ö–æ–¥–∏–º–æ –æ—Ç–≤–µ—Ç–∏—Ç—å –Ω–∞ –ø–∞—Ä—É –≤–æ–ø—Ä–æ—Å–æ–≤.\n–ù–∞ –≤—Å—è–∫–∏–π —Å–ª—É—á–∞–π —Ç–∞–∫ –∂–µ —Å–∫–∏–Ω—É –∫–æ—Ä–æ—Ç–∫–∏–π —Ä–æ–ª–∏–∫ –æ–±–æ –º–Ω–µ, –≤–æ–∑–º–æ–∂–Ω–æ, –æ–Ω –ø–æ–º–æ–∂–µ—Ç —Ç–µ–±–µ –æ—Ç–≤–µ—Ç–∏—Ç—å –Ω–∞ –≤—Å–µ –≤–æ–ø—Ä–æ—Å—ã.
passtest,üí° –ü—Ä–æ–π—Ç–∏ —Ç–µ—Å—Ç.
gpt,üü¢ –°–∫–æ–ª—å–∫–æ –ø–æ–ª—å–∑–æ–≤–∞—Ç–µ–ª–µ–π ChatGPT –ø–æ–ª—É—á–∏–ª –∑–∞ –ø–µ—Ä–≤—ã–µ 2 –º–µ—Å—è—Ü–∞ –±–ª–∞–≥–æ–¥–∞—Ä—è '—Å–∞—Ä–∞—Ñ–∞–Ω–Ω–æ–º—É —Ä–∞–¥–∏–æ'?
onemill,1 –º–ª–Ω.
tenmillions,10 –º–ª–Ω.
hundredmillions,100 –º–ª–Ω.
wrongagain,üôÖ‚Äç‚ôÇ –ù–µ–≤–µ—Ä–Ω–æ, –ø–æ–ø—Ä–æ–±—É–π –µ—â–µ —Ä–∞–∑!
vipprice,üü¢ –í–µ—Ä–Ω–æ! –ü–æ—Å–ª–µ–¥–Ω–∏–π –≤–æ–ø—Ä–æ—Å.\n\n–°–∫–æ–ª—å–∫–æ —Å—Ç–æ–∏—Ç VIP —Å—Ç–∞—Ç—É—Å –≤ –º–µ—Å—è—Ü?
price75,75$
price100,100$
price50,50$
fivecats,ü§ë¬†–í–µ—Ä–Ω–æ! –ï—â–µ –Ω–µ—Å–∫–æ–ª—å–∫–æ –ø—Ä–æ—Å—Ç—ã—Ö –¥–µ–π—Å—Ç–≤–∏–π –∏ –º–∏–ª–ª–∏–æ–Ω –ø–æ–¥–ø–∏—Å—á–∏–∫–æ–≤ —Ç–≤–æ–π!\n\n–í—ã–±–µ—Ä–∏ –º–∏–Ω–∏–º—É–º 5 —Ç–µ–º –∫–æ—Ç–æ—Ä—ã–µ —Ç–µ–±—è –†–ï–ê–õ–¨–ù–û –∏–Ω—Ç–µ—Ä–µ—Å—É—é—Ç.
continue,–ü—Ä–æ–¥–æ–ª–∂–∏—Ç—å
choosenmore,ü§∑ –ù–µ–æ–±—Ö–æ–¥–∏–º–æ –≤—ã–±—Ä–∞—Ç—å –µ—â–µ .... –∫–∞—Ç–µ–≥–æ—Ä–∏–π –∏ –Ω–∞–∂–∞—Ç—å ¬´–ø—Ä–æ–¥–æ–ª–∂–∏—Ç—å¬ª!
nicetaste,üòç –•–æ—Ä–æ—à–∏–π –≤–∫—É—Å!\n\n–¢–µ–ø–µ—Ä—å –Ω–µ–æ–±—Ö–æ–¥–∏–º–æ –ø–æ–¥–ø–∏—Å–∞—Ç—å—Å—è –Ω–∞ 10 –∫–∞–Ω–∞–ª–æ–≤! \n–≠—Ç–æ —Ç–µ —Å–∞–º—ã–µ 10 –∫–∞–Ω–∞–ª–æ–≤, –∫–æ—Ç–æ—Ä—ã–µ –∏—Å–ø–æ–ª—å–∑—É—é—Ç —Å–∏—Å—Ç–µ–º—É #10—Ä—É–∫–æ–ø–æ–∂–∞—Ç–∏–π –∏ –ø–æ–ª—É—á–∞—é—Ç –ø–æ–¥–ø–∏—Å—á–∏–∫–æ–≤ –ë–ï–°–ü–õ–ê–¢–ù–û!\n\n–ü—Ä–∏ –Ω–∞–∂–∞—Ç–∏–∏ –Ω–∞ –∫–Ω–æ–ø–∫—É '–ø—Ä–æ–ø—É—Å—Ç–∏—Ç—å' –∫–∞–Ω–∞–ª –±—É–¥–µ—Ç –∑–∞–º–µ–Ω–µ–Ω –Ω–∞ –¥—Ä—É–≥–æ–π, –≤ —Å–æ–æ—Ç–≤–µ—Ç—Å—Ç–≤–∏–∏ —É–∫–∞–∑–∞–Ω–Ω—ã–º–∏ –∏–Ω—Ç–µ—Ä–µ—Å–∞–º–∏. \n–ù–µ –±–æ–ª–µ–µ 20 —Ä–∞–∑ –º–æ–∂–Ω–æ –Ω–∞–∂–∞—Ç—å ¬´–ø—Ä–æ–ø—É—Å—Ç–∏—Ç—å¬ª.\n\nüö®üöî –ï—Å–ª–∏ –∫–∞–Ω–∞–ª –Ω–∞—Ä—É—à–∞–µ—Ç –ø—Ä–∞–≤–∏–ª–∞ –ø–æ–ª—å–∑–æ–≤–∞–Ω–∏—è (–∫–ª–∏–∫–∞–±–µ–ª—å–Ω–æ) #UserHub, —Ç–æ –∂–º–∏ ¬´–ø—Ä–æ–ø—É—Å—Ç–∏—Ç—å¬ª, –∞ –∑–∞—Ç–µ–º ¬´Black List¬ª –∏ –Ω–∞—à–∏ —Å–ø–µ—Ü–∏–∞–ª–∏—Å—Ç—ã —Ä–∞–∑–±–µ—Ä—É—Ç—Å—è —Å —ç—Ç–∏–º.
BlackList,ü§Ø –ë–ª–∞–≥–æ–¥–∞—Ä–∏–º!\nüßê –ù–∞—à–∞ –ø–æ–ª–∏—Ü–∏—è –Ω—Ä–∞–≤–æ–≤ –æ–±—è–∑–∞—Ç–µ–ª—å–Ω–æ —Ä–∞–∑–±–µ—Ä–µ—Ç—Å—è —Å —ç—Ç–∏–º!
check,–ü—Ä–æ–≤–µ—Ä–∏—Ç—å
SubscribeMore,–≤—ã –Ω–µ –ø–æ–¥–ø–∏—Å–∞–Ω—ã –Ω–∞ Vip –∫–∞–Ω–∞–ª–æ–≤
tenvips,üéØ –û—Ç–ª–∏—á–Ω–æ, —Ç–µ–ø–µ—Ä—å –Ω–µ–æ–±—Ö–æ–¥–∏–º–æ –ø–æ–¥–ø–∏—Å–∞—Ç—å—Å—è –Ω–∞ 10 –∫–∞–Ω–∞–ª–æ–≤ VIP –±–ª–æ–≥–≥–µ—Ä–æ–≤. \n\n–ü—Ä–∏ –Ω–∞–∂–∞—Ç–∏–∏ –Ω–∞ –∫–Ω–æ–ø–∫—É –ø—Ä–æ–ø—É—Å—Ç–∏—Ç—å –∫–∞–Ω–∞–ª –±—É–¥–µ—Ç –∑–∞–º–µ–Ω–µ–Ω –Ω–∞ –¥—Ä—É–≥–æ–π, –∏—Å—Ö–æ–¥—è –∏–∑ —É–∫–∞–∑–∞–Ω–Ω—ã—Ö –∏–Ω—Ç–µ—Ä–µ—Å–æ–≤. \n–ù–∞–∂–∞—Ç—å '–ø—Ä–æ–ø—É—Å—Ç–∏—Ç—å' –º–æ–∂–Ω–æ –Ω–µ –±–æ–ª–µ–µ 20 —Ä–∞–∑.\n\nüö®üöî –ï—Å–ª–∏ –∫–∞–Ω–∞–ª –Ω–∞—Ä—É—à–∞–µ—Ç –ø—Ä–∞–≤–∏–ª–∞ –ø–æ–ª—å–∑–æ–≤–∞–Ω–∏—è #UserHub, —Ç–æ –∂–º–∏ ¬´–ø—Ä–æ–ø—É—Å—Ç–∏—Ç—å¬ª –∞ –∑–∞—Ç–µ–º ¬´Black List¬ª –∏ –Ω–∞—à–∏ —Å–ø–µ—Ü–∏–∞–ª–∏—Å—Ç—ã —Ä–∞–∑–±–µ—Ä—É—Ç—Å—è —Å —ç—Ç–∏–º.
skip,üî¥ –ü—Ä–æ–ø—É—Å—Ç–∏—Ç—å
BlackListButton,üî¥ Black List üî¥
subscreibemorevip,—Å –í—ã –ø–æ–¥–ø–∏—Å–∞–Ω—ã –Ω–∞ ... –∫–∞–Ω–∞–ª–æ–≤, —á—Ç–æ –±—ã –ø—Ä–æ–¥–æ–ª–∂–∏—Ç—å –Ω–µ–æ–±—Ö–æ–¥–∏–º–æ –ø–æ–¥–ø–∏—Å–∞—Ç—å—Å—è –Ω–∞ –∫–∞–Ω–∞–ª—ã:\n\n–ù–∞–∑–≤–∞–Ω–∏–µ –ö–∞–Ω–∞–ª–∞. (–ö–ª–∏–∫–∞–±–∏–ª—å–Ω–æ–µ)\n–û–ø–∏—Å–∞–Ω–∏–µ –∫–∞–Ω–∞–ª–∞ 5 —Å–ª–æ–≤\n\n–ù–∞–∑–≤–∞–Ω–∏–µ –ö–∞–Ω–∞–ª–∞. (–ö–ª–∏–∫–∞–±–∏–ª—å–Ω–æ–µ)\n–û–ø–∏—Å–∞–Ω–∏–µ –∫–∞–Ω–∞–ª–∞ 5 —Å–ª–æ–≤\n\n–ù–∞–∑–≤–∞–Ω–∏–µ –ö–∞–Ω–∞–ª–∞. (–ö–ª–∏–∫–∞–±–∏–ª—å–Ω–æ–µ)\n–û–ø–∏—Å–∞–Ω–∏–µ –∫–∞–Ω–∞–ª–∞ 5 —Å–ª–æ–≤
staysubscribed,üòâ –û—Ç–ª–∏—á–Ω–æ, –ø—Ä–æ–≤–µ—Ä–∫–∞ –ø—Ä–æ—à–ª–∞ —É—Å–ø–µ—à–Ω–æ! \n\nüö® –í–ê–ñ–ù–û. \n–ù–µ –æ—Ç–ø–∏—Å—ã–≤–∞–π—Å—è –æ—Ç —ç—Ç–∏—Ö –∫–∞–Ω–∞–ª–æ–≤, –∏–Ω–∞—á–µ –º–æ–∂–Ω–æ –ø–æ–ø–∞—Å—Ç—å –≤ BlackList!
clear,–ü—Ä–∏–Ω—è—Ç–æ ü§û
sendchannelname,ü§ô –û—Ç–ª–∏—á–Ω–æ! \nüéØ –ú—ã —É–∂–µ —É —Ü–µ–ª–∏! \n\n–û—Ç–ø—Ä–∞–≤—å –º–Ω–µ Username –∫–∞–Ω–∞–ª–∞, –∫–æ—Ç–æ—Ä—ã–π –±—É–¥–µ–º –ø—Ä–æ–¥–≤–∏–≥–∞—Ç—å, –≤ —Ç–∞–∫–æ–º –≤–∏–¥–µ: @channel\n\nüí° –ö–∞–Ω–∞–ª –æ–±—è–∑–∞—Ç–µ–ª—å–Ω–æ –¥–æ–ª–∂–µ–Ω –±—ã—Ç—å –æ—Ç–∫—Ä—ã—Ç—ã–º.
notexists2,ü§Ø –¢–∞–∫–æ–≥–æ –∫–∞–Ω–∞–ª–∞ –Ω–µ —Å—É—â–µ—Å—Ç–≤—É–µ—Ç. \n–ü—Ä–æ–≤–µ—Ä—å –ø–æ–∂–∞–ª—É–π—Å—Ç–∞ Username –∏ –æ—Ç–ø—Ä–∞–≤—å —Å–æ–æ–±—â–µ–Ω–∏–µ –µ—â–µ —Ä–∞–∑!
trysendagain,üéØ –ö–∞–Ω–∞–ª —É—Å–ø–µ—à–Ω–æ –¥–æ–±–∞–≤–ª–µ–Ω! \n\nüö® –í–ê–ñ–ù–û üö®\n–ï—Å–ª–∏ —É–¥–∞–ª–∏—Ç—å –±–æ—Ç–∞ @–¢–ê–ö–û–ì–û –∏–∑ –∞–¥–º–∏–Ω–∏—Å—Ç—Ä–∞—Ç–æ—Ä–æ–≤, —Ç–æ –≤–∞—à –∫–∞–Ω–∞–ª –≤—ã–ø–∞–¥–µ—Ç –∏–∑ –≤—ã–¥–∞—á–∏ –∏ –≤—ã –ø–µ—Ä–µ—Å—Ç–∞–Ω–µ—Ç–µ –ø–æ–ª—É—á–∞—Ç—å –ø–æ–¥–ø–∏—Å—á–∏–∫–æ–≤. \n\n\nü§´ –° –≥–æ–¥–æ–≤–æ–π VIP –ø–æ–¥–ø–∏—Å–∫–æ–π –º–æ–∂–Ω–æ –¥–æ–±–∞–≤–∏—Ç—å —Å—Ä–∞–∑—É 2 –∫–∞–Ω–∞–ª–∞.
TryFree,ü§†¬† –ü—Ä–æ–¥–æ–ª–∂–∏—Ç—å –±–µ—Å–ø–ª–∞—Ç–Ω–æ
MoreAboutVip,üèÜ –ü–æ–¥—Ä–æ–±–Ω–µ–µ –æ —Å—Ç–∞—Ç—É—Å–µ VIP
Congratulations,ü•≥ –ü–æ–∑–¥—Ä–∞–≤–ª—è—é!¬† –¢—ã —Å–¥–µ–ª–∞–ª —ç—Ç–æ! \n–î–æ 1.000.000 –ø–æ–¥–ø–∏—Å—á–∏–∫–æ–≤ –æ—Å—Ç–∞–ª—Å—è –≤—Å–µ–≥–æ 1 —à–∞–≥¬†\n\n–¢–≤–æ—è –ø–µ—Ä—Å–æ–Ω–∞–ª—å–Ω–∞—è —Å—Å—ã–ª–∫–∞ –Ω–∞ —Å–µ—Ä–≤–∏—Å #UserHub\n------------------—Å—Å—ã–ª–∫–∞-------------------\n\n\n–†–∞—Å—Å–∫–∞–∑—ã–≤–∞–π –æ —Å–µ—Ä–≤–∏—Å–µ #UserHub –∏ –≤—Å–µ –ø—Ä–∏–≥–ª–∞—à–µ–Ω–Ω—ã–µ –Ω–∞ 10-–∏ —É—Ä–æ–≤–Ω—è—Ö —Ä—É–∫–æ–ø–æ–∂–∞—Ç–∏–π –ø–æ–¥–ø–∏—à—É—Ç—Å—è –Ω–∞ —Ç–≤–æ–π –∫–∞–Ω–∞–ª. \n–í —Ä–∞–∑–¥–µ–ª–µ /Menu –º–æ–∂–Ω–æ –Ω–∞–π—Ç–∏ —Ä–µ–∫–ª–∞–º–Ω—ã–µ –ø—Ä–æ–º–æ –º–∞—Ç–µ—Ä–∏–∞–ª—ã!\n\nüöÄ –í–ø–µ—Ä–µ–¥ –∫ —Å–≤–æ–µ–º—É –ø–µ—Ä–≤–æ–º—É 1.000.000 –ø–æ–¥–ø–∏—Å—á–∏–∫–æ–≤!\n–°—Å—ã–ª–∫–∞ –Ω–∞ —á–∞—Ç –∫–æ–º—å—é–Ω–∏—Ç–∏ –±–ª–æ–≥–≥–µ—Ä–æ–≤!\n------------------—Å—Å—ã–ª–∫–∞-------------------
WhatVipFor,üéØ –î–ª—è —á–µ–≥–æ —Ç–µ–±–µ —Å—Ç–∞—Ç—É—Å VIP: \n\n1. –ù–µ–∑–∞–≤–∏—Å–∏–º–æ –æ—Ç –∫–æ–ª–∏—á–µ—Å—Ç–≤–∞ –ø—Ä–∏–≥–ª–∞—à–µ–Ω–Ω—ã—Ö –≤ #UserHub –ø–æ–ª—å–∑–æ–≤–∞—Ç–µ–ª–µ–π, —Ç—ã –±—É–¥–µ—à—å –ø–æ–ª—É—á–∞—Ç—å –ø–æ–¥–ø–∏—Å—á–∏–∫–æ–≤, —Ç–∞–∫ –∫–∞–∫ –∫–∞–Ω–∞–ª –±—É–¥–µ—Ç –Ω–∞—Ö–æ–¥–∏—Ç—å—Å—è –Ω–∞ –≤–µ—Ä—Ö–Ω–∏—Ö –ø–æ–∑–∏—Ü–∏—è—Ö –≤—ã–±—Ä–∞–Ω–Ω–æ–π –∫–∞—Ç–µ–≥–æ—Ä–∏–∏ –∫–∞—Ç–∞–ª–æ–≥–∞ #UserHub, –∞ —Ç–∞–∫ –∂–µ –≤ –≤—ã–¥–∞—á–µ —Å—Ä–µ–¥–∏ –¥—Ä—É–≥–æ–π 10-–∫–∏ VIP, –Ω–∞ –∫–æ—Ç–æ—Ä—ã—Ö –ø–æ–¥–ø–∏—Å—ã–≤–∞—é—Ç—Å—è –ø–æ–ª—å–∑–æ–≤–∞—Ç–µ–ª–∏ –ø—Ä–∏ —Ä–µ–≥–∏—Å—Ç—Ä–∞—Ü–∏–∏. \n\n2. –ü–æ–¥–ø–∏—Å—á–∏–∫–∏ –±—É–¥—É—Ç –±–æ–ª–µ–µ —Ü–µ–ª–µ–≤—ã–º–∏, —Ç–∞–∫ –∫–∞–∫ –º—ã –∑–∞–ø—Ä–∞—à–∏–≤–∞–µ–º —É –ø–æ–ª—å–∑–æ–≤–∞—Ç–µ–ª–µ–π –∫–∞–∫–∏–µ —Ç–µ–º—ã –∏–º –∏–Ω—Ç–µ—Ä–µ—Å–Ω—ã.¬† \n\n3. –ù–∞ –¥–∞–Ω–Ω—ã–π –º–æ–º–µ–Ω—Ç –≤ –±–æ—Ç–µ ... –ø–æ–ª—å–∑–æ–≤–∞—Ç–µ–ª–µ–π, –∞ —Ç–∞–∫ –∂–µ .... –∫–∞–Ω–∞–ª–æ–≤, –∏–∑ –∫–æ—Ç–æ—Ä—ã—Ö ... –≤ —Å—Ç–∞—Ç—É—Å–µ VIP. –í —Å—Ä–µ–¥–Ω–µ–º –∫–∞–∂–¥—ã–π VIP –ø–æ–ª—É—á–∏–ª –ø–æ .... —Ü–µ–ª–µ–≤—ã—Ö –ø–æ–¥–ø–∏—Å—á–∏–∫–æ–≤.¬† \n\n4. –î–æ—Å—Ç—É–ø –≤ –∑–∞–∫—Ä—ã—Ç—ã–π VIP-—á–∞—Ç, –≥–¥–µ –º–æ–∂–Ω–æ –æ–±–º–µ–Ω–∏–≤–∞—Ç—å—Å—è –æ–ø—ã—Ç–æ–º –ø–æ —Ä–∞—Å–∫—Ä—É—Ç–∫–µ –∏ –º–æ–Ω–µ—Ç–∏–∑–∞—Ü–∏–∏ —Å–≤–æ–µ–≥–æ –∫–∞–Ω–∞–ª–∞.¬†¬† \n\n5. –í–æ–∑–º–æ–∂–Ω–æ—Å—Ç—å –ø–æ–ª—É—á–∞—Ç—å –¥–æ—Ö–æ–¥ –∑–∞ —Å—á–µ—Ç –ø—Ä–æ–≥—Ä–∞–º–º—ã #10—Ä—É–∫–æ–ø–æ–∂–∞—Ç–∏–π #UserHub –ø–æ 5% —Å –∫–∞–∂–¥–æ–π –æ–ø–ª–∞—Ç—ã –µ–∂–µ–º–µ—Å—è—á–Ω–æ–π –∏ –≥–æ–¥–æ–≤–æ–π –ø–æ–¥–ø–∏—Å–∫–∏ –æ—Ç –≤—Å–µ—Ö VIP –ø–æ–ª—å–∑–æ–≤–∞—Ç–µ–ª–µ–π –Ω–∞ 10-–∏ —É—Ä–æ–≤–Ω—è—Ö —Ä—É–∫–æ–ø–æ–∂–∞—Ç–∏–π, –∞ —Ç–∞–∫ –∂–µ –ø–ª–∞—Ç–Ω–æ–≥–æ –ª–∏—Å—Ç–∏–Ω–≥–∞, –∏ –≤—Å–µ—Ö –¥—Ä—É–≥–∏—Ö –¥–æ—Ö–æ–¥–æ–≤ #UserHub.
BuyLater,–ü—Ä–∏–æ–±—Ä–µ—Å—Ç–∏ VIP üèÜ –ø–æ–∑–∂–µ
BuyNow,–ü—Ä–∏–æ–±—Ä–µ—Å—Ç–∏ —Å—Ç–∞—Ç—É—Å VIP üèÜ
ChooseChannelForListingButton,"ü§ô –û—Ç–ª–∏—á–Ω–æ! üéØ –ú—ã —É–∂–µ —É —Ü–µ–ª–∏! –û—Ç–ø—Ä–∞–≤—å –º–Ω–µ Username –∫–∞–Ω–∞–ª–∞, –∫–æ—Ç–æ—Ä—ã–π –±—É–¥–µ–º –ø—Ä–æ–¥–≤–∏–≥–∞—Ç—å, –≤ —Ç–∞–∫–æ–º –≤–∏–¥–µ: @channel
üí° –ö–∞–Ω–∞–ª –æ–±—è–∑–∞—Ç–µ–ª—å–Ω–æ –¥–æ–ª–∂–µ–Ω –±—ã—Ç—å –æ—Ç–∫—Ä—ã—Ç—ã–º."
ChooseChannelForListing,—É –≤–∞—Å –±–æ–ª–µ–µ –æ–¥–Ω–æ–≥–æ –∫–∞–Ω–∞–ª–∞, —É—Ç–æ—á–Ω–∏—Ç–µ –Ω–∞ –∫–∞–∫–æ–π –∫–∞–Ω–∞–ª –≤—ã —Ö–æ—Ç–∏—Ç–µ –¥–æ–±–∞–≤–∏—Ç—å –≤ –∫–∞—Ç–∞–ª–æ–≥
ChosenSuccessfully,–ë—É–¥–µ–º –ø—Ä–æ–¥–≤–∏–≥–∞—Ç—å –∫–∞–Ω–∞–ª: 
SmthGoesWrong,–ß—Ç–æ-—Ç–æ –ø–æ—à–ª–æ –Ω–µ —Ç–∞–∫
StartSubscribing,–ù–∞—á–∞—Ç—å –ø–æ–¥–ø–∏—Å—ã–≤–∞—Ç—å—Å—è
YourRate,–¢–≤–æ–π —Ç–∞—Ä–∏—Ñ¬†üí≤
ManySkips,–í—ã —Å–ª–∏—à–∫–æ–º –º–Ω–æ–≥–æ —Ä–∞–∑ –Ω–∞–∂–∞–ª–∏ –∫–Ω–æ–ø–∫—É –ø—Ä–æ–ø—É—Å—Ç–∏—Ç—å. –ü–æ–¥–ø–∏—à–∏—Ç–µ—Å—å –∫–∞–∫ –º–∏–Ω–∏–º—É–º –Ω–∞ –¥–µ—Å—è—Ç—å –∫–∞–Ω–∞–ª–æ–≤, –ø—Ä–µ–¥–ª–æ–∂–µ–Ω–Ω—ã—Ö –≤—ã—à–µ.
TestKeyWord1,–º–∏–ª–ª–∏–æ–Ω
TestKeyWord2,–ú–∏–ª–ª–∏–æ–Ω
SendMeTheKeyWord,–ü–æ—Å–º–æ—Ç—Ä–µ–ª, –æ—Ç–ø—Ä–∞–≤–∏—Ç—å –∫–æ–¥–æ–≤–æ–µ —Å–ª–æ–≤–æ
WriteKeyWord,–ö–æ–¥–æ–≤–æ–µ —Å–ª–æ–≤–æ –∏–∑ –≤–∏–¥–µ–æ:
VideoLink,https://www.youtube.com/watch?v=A0_Abt4dzAA
SendChannelNameAgain,–í–≤–µ—Å—Ç–∏ –∏–º—è –∫–∞–Ω–∞–ª–∞ –∑–∞–Ω–æ–≤–æ
InvalidChannelName,–ù–µ–∫–æ—Ä—Ä–µ–∫—Ç–Ω–æ–µ –∏–º—è –∫–∞–Ω–∞–ª–∞!
AllHandshakes,üîç –í—Å–µ —Ä—É–∫–æ–ø–æ–∂–∞—Ç–∏—è
FirstLevelHandshakes,1-–π —É—Ä–æ–≤–µ–Ω—å
ChooseTimePeriod,–í—ã–±–µ—Ä–∏—Ç–µ –≤—Ä–µ–º–µ–Ω–Ω–æ–π –ø–µ—Ä–∏–æ–¥
MyHandshakes,ü§ù –ú–æ–∏ —Ä—É–∫–æ–ø–æ–∂–∞—Ç–∏—è
FirstLevel,1-–π —É—Ä–æ–≤–µ–Ω—å
Stats,–°—Ç–∞—Ç–∏—Å—Ç–∏–∫–∞
Today,–°–µ–≥–æ–¥–Ω—è 
Week,–ù–µ–¥–µ–ª—è
Month,–ú–µ—Å—è—Ü
Quarter,–ö–≤–∞—Ä—Ç–∞–ª
Year,–ì–æ–¥
AllTime,–í—Å–µ –≤—Ä–µ–º—è
TotalHandshakes,–í—Å–µ–≥–æ –ø–æ–ª—å–∑–æ–≤–∞—Ç–µ–ª–µ–π: –•–•–•, VIP: –•–•–•
YourHandshakesFor,–í–∞—à–∏ —Ä—É–∫–æ–ø–æ–∂–∞—Ç–∏—è –∑–∞ 
Community,–ö–æ–º—å—é–Ω–∏—Ç–∏ USERHUB
CommunityChannel,–ö–∞–Ω–∞–ª
CommunityChat,–ß–∞—Ç 
Promo,–ü—Ä–æ–º–æ –º–∞—Ç–µ—Ä–∏–∞–ª—ã
StoriesPhoto,–°—Ç–æ—Ä–∏—Å —Ñ–æ—Ç–æ
StoriesVideo,–°—Ç–æ—Ä–∏—Å –≤–∏–¥–µ–æ
PromoPDF,PDF
PromoVideos,–í–∏–¥–µ–æ
Creatives,–ö—Ä–µ–∞—Ç–∏–≤—ã –¥–ª—è –¢–µ–ª–µ–≥—Ä–∞–º –∫–∞–Ω–∞–ª–∞
MyChannels,–ú–æ–∏ –∫–∞–Ω–∞–ª—ã
AddChannel,–î–æ–±–∞–≤–∏—Ç—å –∫–∞–Ω–∞–ª
BuyVip,–ü—Ä–∏–æ–±—Ä–µ—Å—Ç–∏ VIP üèÜ 
ChooseRate,üèÜ –î–ª—è –∞–∫—Ç–∏–≤–∞—Ü–∏–∏ VIP –Ω–µ–æ–±—Ö–æ–¥–∏–º–æ –≤—ã–±—Ä–∞—Ç—å —Ç–∞—Ä–∏—Ñ
ChooseChannel,–í—ã–±—Ä–∞—Ç—å –∫–∞–Ω–∞–ª
ChangeChannel,–ü–æ–º–µ–Ω—è—Ç—å –∫–∞–Ω–∞–ª
VipStatus,üèÜ Vip —Å—Ç–∞—Ç—É—Å
CallSupport,üí°–ü–æ–º–µ–Ω—è—Ç—å –∫–∞–Ω–∞–ª –º–æ–∂–Ω–æ —Ç–æ–ª—å–∫–æ –≤ —Ç–æ–º —Å–ª—É—á–∞–µ, –µ—Å–ª–∏ —É –≤–∞—Å –∏–∑–º–µ–Ω–∏–ª—Å—è –∞–¥—Ä–µ—Å –∫–∞–Ω–∞–ª–∞. \n–ü—Ä–∏ —ç—Ç–æ–º –∫–∞–Ω–∞–ª –æ—Å—Ç–∞–ª—Å—è –ø—Ä–µ–∂–Ω–∏–º. –î–ª—è —ç—Ç–æ–≥–æ –Ω–µ–æ–±—Ö–æ–¥–∏–º–æ —Å–≤—è–∑–∞—Ç—å—Å—è —Å —Ç–µ—Ö. –ø–æ–¥–¥–µ—Ä–∂–∫–æ–π #UserHub  -----> @uchjhi
VipInfo,üèÜ VIP —Å—Ç–∞—Ç—É—Å –∞–∫—Ç–∏–≤–∏—Ä–æ–≤–∞–Ω –¥–æ: 
RecPaySug,–†–µ–∫–æ–º–µ–Ω–¥—É—é –≤–∫–ª—é—á–∏—Ç—å –∞–≤—Ç–æ –ø—Ä–æ–¥–ª–µ–Ω–∏–µ.\n–ï—Å–ª–∏ –Ω–∏ –æ–¥–∏–Ω –∫–∞–Ω–∞–ª –Ω–µ –∏–º–µ–µ—Ç —Å—Ç–∞—Ç—É—Å¬† VIP, —Ç–æ –º–æ–∂–Ω–æ –ø–æ—Ç–µ—Ä—è—Ç—å –ø–∞—Ä—Ç–Ω–µ—Ä—Å–∫–∏–µ –Ω–∞—á–∏—Å–ª–µ–Ω–∏—è!
RecPays,–í–∫–ª—é—á–∏—Ç—å –∞–≤—Ç–æ –ø—Ä–æ–¥–ª–µ–Ω–∏–µ!
RecPaysConnected,üëç¬† –í–µ—Ä–Ω–æ–µ —Ä–µ—à–µ–Ω–∏–µ! \n–ê–≤—Ç–æ –ø—Ä–æ–¥–ª–µ–Ω–∏–µ —É—Å–ø–µ—à–Ω–æ –∞–∫—Ç–∏–≤–∏—Ä–æ–≤–∞–Ω–æ.\n\n–ù–µ –∑–∞–±—ã–≤–∞–π –ø—Ä–æ–≤–µ—Ä—è—Ç—å –±–∞–ª–∞–Ω—Å, —Ç–∞–º –≤—Å–µ–≥–¥–∞ –¥–æ–ª–∂–Ω—ã¬† –±—ã—Ç—å USDT –¥–ª—è —Å–ø–∏—Å–∞–Ω–∏—è.¬†\n–ò—Å–ø–æ–ª—å–∑—É–π –ø—Ä–æ–≥—Ä–∞–º–º—É 10 —Ä—É–∫–æ–ø–æ–∂–∞—Ç–∏–π —á—Ç–æ –±—ã –ø–æ–ª—å–∑–æ–≤–∞—Ç—å—Å—è —Å–µ—Ä–≤–∏—Å–æ–º –±–µ—Å–ø–ª–∞—Ç–Ω–æ .
ChannelStats,–°—Ç–∞—Ç–∏—Å—Ç–∏–∫–∞ –∫–∞–Ω–∞–ª–∞
SelectedChannel,–ö–∞–Ω–∞–ª 
ShowAllHandStats,üßë‚Äçüíª –ù–∏–∫ | –í—Å–µ–≥–æ –†—É–∫–æ–ø–æ–∂–∞—Ç–∏–π | VIP
VipChooseChannel,üèÜ VIP —Å—Ç–∞—Ç—É—Å \n –í—ã–±–µ—Ä–∏—Ç–µ –∫–∞–Ω–∞–ª:
FiftyMonth,$50 –≤ –º–µ—Å—è—Ü
FiveHundYear,$500 –≤ –≥–æ–¥
ListngPayment,smth
WaitForCryptoPayment,üòá –û–∂–∏–¥–∞—é –ø–æ–¥—Ç–≤–µ—Ä–∂–¥–µ–Ω–∏–µ –ø–ª–∞—Ç–µ–∂–∞ –≤ –±–ª–æ–∫—á–µ–π–Ω–µ. –ö–∞–∫ —Ç–æ–ª—å–∫–æ –ø–ª–∞—Ç–µ–∂ –±—É–¥–µ—Ç –ø–æ–ª—É—á–µ–Ω —è –≤–∞—Å –æ–ø–æ–≤–µ—â—É!

